{
  "migrations": [
    {
      "cli": "nx",
      "version": "14.2.0-beta.0",
      "description": "Add JSON Schema to Nx configuration files",
      "implementation": "./src/migrations/update-14-2-0/add-json-schema",
      "package": "nx",
      "name": "14-2-0-add-json-schema"
    },
    {
      "cli": "nx",
      "version": "14.2.0-beta.0",
      "description": "Remove default collection from configuration to switch to prompts for collection",
      "implementation": "./src/migrations/update-14-2-0/remove-default-collection",
      "package": "nx",
      "name": "14-2-0-remove-default-collection"
    },
    {
      "cli": "nx",
      "version": "14.2.0-beta.5",
      "description": "Replace all ./ and ../ in outputs with absolute paths",
      "implementation": "./src/migrations/update-14-2-0/replace-all-relative-outputs-with-absolute",
      "package": "nx",
      "name": "14-2-0-replace-relative-outputs-with-absolute"
    },
    {
      "cli": "nx",
      "version": "14.3.4-beta.1",
      "description": "Replace targetDependencies with targetDefaults",
      "implementation": "./src/migrations/update-14-3-4/create-target-defaults",
      "package": "nx",
      "name": "14.3.4-create-target-defaults"
    },
    {
      "version": "14.2.0",
      "description": "Explicitly enable sourceAnalysis for all workspaces extending from npm.json or core.json (this was default behavior prior to 14.2)",
      "cli": "nx",
      "implementation": "./src/migrations/update-14-2-0/enable-source-analysis",
      "package": "@nrwl/workspace",
      "name": "14-2-0-enable-source-analysis"
    }
  ]
}
