{
  "extends": "nx/presets/core.json",
  "$schema": "./node_modules/nx/schemas/nx-schema.json",
  "npmScope": ".",
  "affected": {
    "defaultBase": "main"
  },
  "cli": {
    "defaultCollection": "@nrwl/workspace"
  },
  "tasksRunnerOptions": {
    "default": {
      "runner": "nx/tasks-runners/default",
      "options": {
        "cacheableOperations": [
          "build",
          "lint",
          "test",
          "e2e",
          "build-storybook"
        ]
      }
    }
  },
  "generators": {
    "@nrwl/react": {
      "application": {
        "style": "scss",
        "linter": "eslint",
        "babel": true
      },
      "component": {
        "style": "scss"
      },
      "library": {
        "style": "scss",
        "linter": "eslint"
      }
    }
  },
  "defaultProject": "landing",
  "pluginsConfig": {
    "@nrwl/js": {
      "analyzeSourceFiles": true
    }
  }
}
